{
    "src/addons/JS/BabyBoom/addon.json": "3076131c7703488681b50289a242c133c0801b1cad7e5657de8af0dbdbebcedb",
    "src/addons/JS/BabyBoom/XF/Widget/NewsyBabyboom.php": "875348c20705aaa594876584a0d7b8b98b22cae120e7dc6196e7fcb610cef13e",
    "src/addons/JS/BabyBoom/_data/admin_navigation.xml": "064ec797484ac00d5ee37367b50b06846d11f480d00550997712707f8fdac8c0",
    "src/addons/JS/BabyBoom/_data/admin_permission.xml": "ec6fb97cebf0bceb24f1ed1d5778c1db54eeb7535fbb3e31d824840e7aa9ff87",
    "src/addons/JS/BabyBoom/_data/advertising_positions.xml": "d2f7cbe844bb1df3cf878d22ff6306249245c8ff6b0b87b9b729744bec538261",
    "src/addons/JS/BabyBoom/_data/bb_codes.xml": "faa4ddd5f4a365e5ac39aebdcbe2d25aedf74e7eb9ea4a812766e2fd5e13bdb1",
    "src/addons/JS/BabyBoom/_data/bb_code_media_sites.xml": "29762987990187b33e43cfb68c08dc917b2d3f0176613d78f8e6c453f82da3f3",
    "src/addons/JS/BabyBoom/_data/class_extensions.xml": "1f548b8006e9952a3f5889f71e09fdfa6726ac1a47c1af7b2626d1a88920d5a4",
    "src/addons/JS/BabyBoom/_data/code_events.xml": "8370dec3df47f91df4cf79da253446ad11b29f4ea568fe76c774e97a0379f0eb",
    "src/addons/JS/BabyBoom/_data/code_event_listeners.xml": "d6b5072f4909dee7a20ee9e44b163f95c8aa52e6ac7f573e292000cd9238c331",
    "src/addons/JS/BabyBoom/_data/content_type_fields.xml": "c7ad5472b28f465b7ac7617627707eba1b7a39d28089460d52e1ed292fc0b06a",
    "src/addons/JS/BabyBoom/_data/cron.xml": "323c4284742ef24329cd6db6f288eb9736d2353f36852e1db12591e1583aea26",
    "src/addons/JS/BabyBoom/_data/help_pages.xml": "a8a0c0b06cdc550438bc8a8d385af3e1e5ab3459877dfb934c1c31be59c89163",
    "src/addons/JS/BabyBoom/_data/member_stats.xml": "89fb2b93ff1eca7a1f6f752248edf6090dfd24037db1446fd18ff7143f08124d",
    "src/addons/JS/BabyBoom/_data/navigation.xml": "f75e1c03a45a360bbdfcd0567121665082315068475d5b0feb8b1acbb1688651",
    "src/addons/JS/BabyBoom/_data/options.xml": "240bc29d522d3e7244d15485e2df2f0fd9ce2fbd72d4417db8c41188614ec819",
    "src/addons/JS/BabyBoom/_data/option_groups.xml": "6abc257d1c71a4bce7bd415e8df0e897d8a66be75b609b166c016496a11f5ae3",
    "src/addons/JS/BabyBoom/_data/permissions.xml": "7e4fc7d5826733d15ea2d8936b9bdd41afcaad810eb38e50da3c8d8eafda1550",
    "src/addons/JS/BabyBoom/_data/permission_interface_groups.xml": "3177224e96458b829aa7fb24866dda9e0455a4922aee3d669b53f59a1ffdf5d1",
    "src/addons/JS/BabyBoom/_data/phrases.xml": "df8a5036b1cb4c2f3eef6fc830252a0e61894226909093190c5f185a443e0f88",
    "src/addons/JS/BabyBoom/_data/routes.xml": "550fa64f9feedf137dd877b38c2684f94474619d2d83890dbb717a91b50da8f5",
    "src/addons/JS/BabyBoom/_data/style_properties.xml": "8b8690a8512f01f219dd2da76e3d0c5f62afc1f317b87794a7331c859c36a7a8",
    "src/addons/JS/BabyBoom/_data/style_property_groups.xml": "68e1879cb3846c42d978487aa8d5145ff3335fc39e58016878824d5cf3fd684c",
    "src/addons/JS/BabyBoom/_data/templates.xml": "3fab6c4662f97435c615837c183352b44fa5b4af5b65bfc60441e492054aa091",
    "src/addons/JS/BabyBoom/_data/template_modifications.xml": "3b54b7df00a6a4a18c5e012b6e2588e35c23aaa13a5fc227f08646a97590d778",
    "src/addons/JS/BabyBoom/_data/widget_definitions.xml": "dbdb0996e5d7cdbcbb2905d24a70c6d3cbd9f385af5458a3085db7886279872c",
    "src/addons/JS/BabyBoom/_data/widget_positions.xml": "19faa3b21ec9fac8dd1cafab2254f8370dfcf1f37c3196d99e334307301e2106"
}