<?xml version="1.0" encoding="utf-8"?>
<phrases>
  <phrase title="option.JsBabyboomNewsTytul" version_id="1000010" version_string="1.0.0 Alpha"><![CDATA[XenLate Widget Title]]></phrase>
  <phrase title="option.JsBabyboomNewsUrl" version_id="1000010" version_string="1.0.0 Alpha"><![CDATA[Absolute Path]]></phrase>
  <phrase title="option_explain.JsBabyboomNewsTytul" version_id="1000010" version_string="1.0.0 Alpha"><![CDATA[Change the title of the widget]]></phrase>
  <phrase title="option_explain.JsBabyboomNewsUrl" version_id="1000010" version_string="1.0.0 Alpha"><![CDATA[Set the absolute path to the WordPress installation. Do not include a trailing "/" or "index.php." Format should look like /var/www/home.]]></phrase>
  <phrase title="option_group.jsBbNews" version_id="1000010" version_string="1.0.0 Alpha"><![CDATA[XenLate]]></phrase>
  <phrase title="option_group_description.jsBbNews" version_id="1000010" version_string="1.0.0 Alpha"><![CDATA[Options for the XenLate widget]]></phrase>
  <phrase title="widget_def.js_babyboom_newsy" version_id="1000010" version_string="1.0.0 Alpha"><![CDATA[XenLate: Latest Blog Posts]]></phrase>
  <phrase title="widget_def_desc.js_babyboom_newsy" version_id="1000010" version_string="1.0.0 Alpha"><![CDATA[Displays the latest postings from WordPress]]></phrase>
  <phrase title="widget_pos.js_babyboom_view_sidebar" version_id="1000010" version_string="1.0.0 Alpha"><![CDATA[XenLate View Sidebar]]></phrase>
  <phrase title="widget_pos_desc.js_babyboom_view_sidebar" version_id="1000010" version_string="1.0.0 Alpha"><![CDATA[A view for WordPress Blog Posts.]]></phrase>
</phrases>
